{
  "weights": [
    [
      [
        -0.006909088965058763,
        -0.4574430944870315,
        0.00021651607565316885,
        -0.0005561798333872195,
        0.05953121249187706,
        0.08572984967189928,
        -0.0033185879271332617,
        -0.6840641653066134,
        -0.008165296634963293,
        0.08515211118730087
      ]
    ],
    [
      -0.3345860742233819
    ]
  ],
  "scaler": {
    "mean": [
      0.04670296268078853,
      -0.5818869684693994,
      -0.11063060290251168,
      -0.3928796805294421,
      -0.45847532854312517,
      -0.028810038543235283,
      1.2393791421075981,
      0.009757549574091647,
      0.9793645544198345,
      -0.019429822750968717
    ],
    "scale": [
      1.0255004053233725,
      1.7062609351495606,
      1.628540670335428,
      1.4530081073072294,
      1.5635479950434639,
      0.9965181856086034,
      2.3541236010949285,
      0.9752976351542894,
      1.3886231796977901,
      1.6301775705905883
    ]
  }
}